Globally_unique_identifier,Property_key,Names_in_language_N,Definitions_in_language_N,Units,Descriptions_in_language_N,Physical_quantity,Method_of_measurement,Data_type,Dimension_(LMTIÃŽËœNJ),List_of_possible_values_in_language_N,Status,Date_of_creation,Date_of_activation,Date_of_last_change,Date_of_revision,Date_of_version,Date_of_deactivation,Version_number,Revision_number,List_of_replaced_properties,List_of_replacing_properties,Deprecation_explanation,Relation_of_the_property_identifiers_in_the_interconnected_data_dictionaries,Creators_language,Examples_in_language_N,Connected_properties,Groups_of_properties,Symbols_of_the_property_in_a_given_property_group,Visual_representation,Country_of_use,Subdivision_of_use,Country_of_origin,Dynamic_property,Parameters_of_the_dynamic_property,Names_of_defining_values,Defining_values,Tolerance,Digital_format,Text_format,Boundary_values,IR_Property_Alignment
9E87A346-FDE1-44BD-A161-2361F7FE8E27,urn:caltrans:property:underground_utility_type,UndergroundUtilityType | en-EN,Underground Utility Type,unitless,"The subsurface utility type including electric, water, fiber optic, gas, sewer, telecommunications, and oil.",without,N/A,Enumeration,0 0 0 0 0 0 0,"(Electric, en-EN);(Water, en-EN);(Gas, en-EN);(Sewer, en-EN);(Fiber Optic, en-EN);(Telecommunications, en-EN);(Oil, en-EN);(Irrigation, en-EN)",Active,2026-04-15,,,N/A,2026-05-13,,1,N/A,,,,,en-EN,,,(95CA0284-E7E5-4A10-9D97-EDBCD0C1994D),,,US,,US,,,,,,,,,"Caltrans Utility Schema and Database; ASCE 38, 75"
52ADAE0C-34D5-4B4C-AAA1-5EF0740E1001,urn:caltrans:property:high_priority,HighPriority | en-EN,High Priority,unitless,Is utility a high priority? (Yes/No),without,N/A,String,0 0 0 0 0 0 0,,Active,2026-04-15,,,N/A,2026-05-13,,1,N/A,,,,,en-EN,,,(95CA0284-E7E5-4A10-9D97-EDBCD0C1994D),,,US,,US,,,,,,,,,"Caltrans Utility Schema and Database; ASCE 38, 75"
6D0D5D79-CFBA-41BF-BF89-3185240B47C6,urn:caltrans:property:permit_number,PermitNumber | en-EN,Permit Number,unitless,Permit number associated with utility,without,N/A,String,0 0 0 0 0 0 0,,Active,2026-04-15,,,N/A,2026-05-13,,1,N/A,,,,,en-EN,,,(95CA0284-E7E5-4A10-9D97-EDBCD0C1994D),,,US,,US,,,,,,,,,"Caltrans Utility Schema and Database; ASCE 38, 75"
249E4FE7-3E86-4F06-A553-3CFA28758033,urn:caltrans:property:utility_status,UtilityStatus | en-EN,Utility Status,unitless,"Underground utility status including proposed, abandoned, existing or retired",without,N/A,String,0 0 0 0 0 0 0,,Active,2026-04-15,,,N/A,2026-05-13,,1,N/A,,,,,en-EN,,,(95CA0284-E7E5-4A10-9D97-EDBCD0C1994D),,,US,,US,,,,,,,,,"Caltrans Utility Schema and Database; ASCE 38, 75"
4D880768-911E-4A96-A0EA-DF0C71DF0A78,urn:caltrans:property:utility_comments,UtilityComments | en-EN,Utility Comments,unitless,Text field for general comments for utility,without,N/A,String,0 0 0 0 0 0 0,,Active,2026-04-15,,,N/A,2026-05-13,,1,N/A,,,,,en-EN,,,(95CA0284-E7E5-4A10-9D97-EDBCD0C1994D),,,US,,US,,,,,,,,,"Caltrans Utility Schema and Database; ASCE 38, 75"
3620B72D-A8A6-4040-8D86-2DB3450C38B0,urn:caltrans:property:utility_depth,UtilityDepth | en-EN,Utility Depth,foot,Utility depth from ground to top of utility at positive location identification point,Length | en-EN,N/A,Real,1 0 0 0 0 0 0,,Active,2026-04-15,,,N/A,2026-05-13,,1,N/A,,,,,en-EN,,,(B3B8450E-E603-450A-9361-0D833CEA0F7F),,,US,,US,,,,,,,,,"Caltrans Utility Schema and Database; ASCE 38, 75"
B3C80751-792E-467E-8897-541931D0C2F4,urn:caltrans:property:pipe_elevation_top,PipeElevationTop | en-EN,Pipe Elevation - Top,foot,Top of pipe elevation at positive location identification point,Length | en-EN,N/A,Real,1 0 0 0 0 0 0,,Active,2026-04-15,,,N/A,2026-05-13,,1,N/A,,,,,en-EN,,,(B3B8450E-E603-450A-9361-0D833CEA0F7F),,,US,,US,,,,,,,,,"Caltrans Utility Schema and Database; ASCE 38, 75"
AA21117D-9A2D-4FF5-8B76-46FDD7CCCC71,urn:caltrans:property:pipe_elevation_bottom,PipeElevationBottom | en-EN,Pipe Elevation - Bottom,foot,Bottom of pipe elevation at positive location identification point,Length | en-EN,N/A,Real,1 0 0 0 0 0 0,,Active,2026-04-15,,,N/A,2026-05-13,,1,N/A,,,,,en-EN,,,(B3B8450E-E603-450A-9361-0D833CEA0F7F),,,US,,US,,,,,,,,,"Caltrans Utility Schema and Database; ASCE 38, 75"
9CD754A6-E71B-4507-BD47-758F84438F29,urn:caltrans:property:method_of_identification,MethodOfIdentification | en-EN,Method of Identification,unitless,"GPR, Potholing",without,N/A,String,0 0 0 0 0 0 0,,Active,2026-04-15,,,N/A,2026-05-13,,1,N/A,,,,,en-EN,,,(B3B8450E-E603-450A-9361-0D833CEA0F7F),,,US,,US,,,,,,,,,"Caltrans Utility Schema and Database; ASCE 38, 75"
B767CB2D-E089-4711-A74F-86AA1D7430FD,urn:caltrans:property:soil_type,SoilType | en-EN,Soil Type,unitless,Description of soil at positive location identification point,without,N/A,String,0 0 0 0 0 0 0,,Active,2026-04-15,,,N/A,2026-05-13,,1,N/A,,,,,en-EN,,,(B3B8450E-E603-450A-9361-0D833CEA0F7F),,,US,,US,,,,,,,,,"Caltrans Utility Schema and Database; ASCE 38, 75"
D4CA2AF1-1643-4AE7-A8C4-25C206F17EBF,urn:caltrans:property:paving_type,PavingType | en-EN,Paving Type,unitless,Paving type at positive location identification point,without,N/A,String,0 0 0 0 0 0 0,,Active,2026-04-15,,,N/A,2026-05-13,,1,N/A,,,,,en-EN,,,(B3B8450E-E603-450A-9361-0D833CEA0F7F),,,US,,US,,,,,,,,,"Caltrans Utility Schema and Database; ASCE 38, 75"
DE2880C6-0DCD-49F4-9D8D-9D80CC7F38F4,urn:caltrans:property:paving_thickness,PavingThickness | en-EN,Paving Thickness,inch,Paving thickness of soil at positive location identification point,Length | en-EN,N/A,Real,1 0 0 0 0 0 0,,Active,2026-04-15,,,N/A,2026-05-13,,1,N/A,,,,,en-EN,,,(B3B8450E-E603-450A-9361-0D833CEA0F7F),,,US,,US,,,,,,,,,"Caltrans Utility Schema and Database; ASCE 38, 75"
35D7CAC4-8FAC-44E4-80EF-7DAB7DBD8E8D,urn:caltrans:property:horizontal_accuracy,HorizontalAccuracy | en-EN,Horizontal Accuracy,unitless,"Accuracy of horizontal location (0.1', 0.2', 0.3', 1', 3', indeterminate)",without,N/A,String,0 0 0 0 0 0 0,,Active,2026-04-15,,,N/A,2026-05-13,,1,N/A,,,,,en-EN,,,(D54F0B4B-1836-488D-9010-4445CCA77D82),,,US,,US,,,,,,,,,"Caltrans Utility Schema and Database; ASCE 38, 75"
8EED2BF2-A971-4A38-A8D4-046C30E53DC5,urn:caltrans:property:vertical_accuracy,VerticalAccuracy | en-EN,Vertical Accuracy,unitless,"Accuracy of vertical location (0.1', 0.2', 0.3', 1', 3', indeterminate)",without,N/A,String,0 0 0 0 0 0 0,,Active,2026-04-15,,,N/A,2026-05-13,,1,N/A,,,,,en-EN,,,(D54F0B4B-1836-488D-9010-4445CCA77D82),,,US,,US,,,,,,,,,"Caltrans Utility Schema and Database; ASCE 38, 75"
3818AD7D-4D91-49CE-8489-0B7332CABD3B,urn:caltrans:property:sue_quality,SueQuality | en-EN,SUE Quality,unitless,"SUE Quality level from ASCE 38-02 (A, B, C, D)",without,N/A,String,0 0 0 0 0 0 0,,Active,2026-04-15,,,N/A,2026-05-13,,1,N/A,,,,,en-EN,,,(D54F0B4B-1836-488D-9010-4445CCA77D82),,,US,,US,,,,,,,,,"Caltrans Utility Schema and Database; ASCE 38, 75"
E39B7D82-0674-4F4B-91CB-6B4C9ADA6333,urn:caltrans:property:owner_utility,OwnerUtility | en-EN,Owner Utility,unitless,Owner of the utility,without,N/A,String,0 0 0 0 0 0 0,,Active,2026-04-15,,,N/A,2026-05-13,,1,N/A,,,,,en-EN,,,(440BC8E0-F2BD-4D0F-BCAE-EFDA0961CEE1),,,US,,US,,,,,,,,,"Caltrans Utility Schema and Database; ASCE 38, 75"
5991F875-38C5-4D11-9DD7-315DD2FA1D17,urn:caltrans:property:owner_utility_type,OwnerUtilityType | en-EN,Owner Utility Type,unitless,Type of utility owner,without,N/A,String,0 0 0 0 0 0 0,,Active,2026-04-15,,,N/A,2026-05-13,,1,N/A,,,,,en-EN,,,(440BC8E0-F2BD-4D0F-BCAE-EFDA0961CEE1),,,US,,US,,,,,,,,,"Caltrans Utility Schema and Database; ASCE 38, 75"
D4C8A431-1C34-4435-8516-F32A332E3FAA,urn:caltrans:property:casing_type,CasingType | en-EN,Casing Type,unitless,"Material of the casing (cast iron, PVC, etc.)",without,N/A,String,0 0 0 0 0 0 0,,Active,2026-04-15,,,N/A,2026-05-13,,1,N/A,,,,,en-EN,,,(613F694F-22FA-4591-8C5C-CCDAF64410C0),,,US,,US,,,,,,,,,"Caltrans Utility Schema and Database; ASCE 38, 75"
43FE208D-DA2B-4544-B89F-F52A0936C7ED,urn:caltrans:property:casing_size,CasingSize | en-EN,Casing Size,unitless,"Ranges provided in schema (6-28in, 30-38in, 40-60in, 62-72in)",without,N/A,String,0 0 0 0 0 0 0,,Active,2026-04-15,,,N/A,2026-05-13,,1,N/A,,,,,en-EN,,,(613F694F-22FA-4591-8C5C-CCDAF64410C0),,,US,,US,,,,,,,,,"Caltrans Utility Schema and Database; ASCE 38, 75"
CDA9BC0F-0C1D-4AA2-90F2-BA89715DDD18,urn:caltrans:property:pipe_material,PipeMaterial | en-EN,Pipe Material,unitless,"Material of the pipe (cast iron, PVC, ductile iron, etc.)",without,N/A,String,0 0 0 0 0 0 0,,Active,2026-04-15,,,N/A,2026-05-13,,1,N/A,,,,,en-EN,,,(4C2EF229-D1E3-48B8-B808-768EABFB3C6E),,,US,,US,,,,,,,,,"Caltrans Utility Schema and Database; ASCE 38, 75"
7D1675D5-EF28-4FDD-8AD1-E89FEB3EDA4F,urn:caltrans:property:pipe_diameter,PipeDiameter | en-EN,Pipe Diameter,inch,"1/2"" to 72"" including ""other"" and ""unknown"" in database schema",Length | en-EN,N/A,Real,1 0 0 0 0 0 0,,Active,2026-04-15,,,N/A,2026-05-13,,1,N/A,,,,,en-EN,,,(4C2EF229-D1E3-48B8-B808-768EABFB3C6E),,,US,,US,,,,,,,,,"Caltrans Utility Schema and Database; ASCE 38, 75"
2196C847-876C-482E-B984-5677DC7F91D8,urn:caltrans:property:installation_type,InstallationType | en-EN,Installation Type,unitless,"Includes conduit, duct-bank, or direct bury",without,N/A,String,0 0 0 0 0 0 0,,Active,2026-04-15,,,N/A,2026-05-13,,1,N/A,,,,,en-EN,,,(A3F5C2D1-8B4E-4A7F-9C6D-2E1B5F3A8C4D),,,US,,US,,,,,,,,,"Caltrans Utility Schema and Database; ASCE 38, 75"
28E7A1CB-FEF7-47B0-AAF8-3970838C2B4C,urn:caltrans:property:installation_material,InstallationMaterial | en-EN,Installation Material,unitless,"Includes concrete, PVC, etc.",without,N/A,String,0 0 0 0 0 0 0,,Active,2026-04-15,,,N/A,2026-05-13,,1,N/A,,,,,en-EN,,,(CA6A4389-08A9-4FDF-A088-9E792408F59D),,,US,,US,,,,,,,,,"Caltrans Utility Schema and Database; ASCE 38, 75"
3601B801-180C-4CB0-B7B5-083FBCCE8752,urn:caltrans:property:installation_size,InstallationSize | en-EN,Installation Size,unitless,Pipe diameter sizes provided,without,N/A,String,0 0 0 0 0 0 0,,Active,2026-04-15,,,N/A,2026-05-13,,1,N/A,,,,,en-EN,,,(CA6A4389-08A9-4FDF-A088-9E792408F59D),,,US,,US,,,,,,,,,"Caltrans Utility Schema and Database; ASCE 38, 75"
16E90718-15F4-4CA8-8EF9-1B70DC63FD5E,urn:caltrans:property:installation_width,InstallationWidth | en-EN,Installation Width,inch,Width of the conduit installation,Length | en-EN,N/A,Real,1 0 0 0 0 0 0,,Active,2026-04-15,,,N/A,2026-05-13,,1,N/A,,,,,en-EN,,,(CA6A4389-08A9-4FDF-A088-9E792408F59D),,,US,,US,,,,,,,,,"Caltrans Utility Schema and Database; ASCE 38, 75"
B52D5DE4-25EA-4BFA-9412-02F77739E924,urn:caltrans:property:installation_height,InstallationHeight | en-EN,Installation Height,inch,Height of the conduit installation,Length | en-EN,N/A,Real,1 0 0 0 0 0 0,,Active,2026-04-15,,,N/A,2026-05-13,,1,N/A,,,,,en-EN,,,(CA6A4389-08A9-4FDF-A088-9E792408F59D),,,US,,US,,,,,,,,,"Caltrans Utility Schema and Database; ASCE 38, 75"
B9D6EBE1-8ED3-41E2-A6A9-7D28C8FCC8E0,urn:caltrans:property:installation_number_of_ducts,InstallationNumberOfDucts | en-EN,Installation Number of Ducts,unitless,"2x1, 2x2, etc.",without,N/A,String,0 0 0 0 0 0 0,,Active,2026-04-15,,,N/A,2026-05-13,,1,N/A,,,,,en-EN,,,(CA6A4389-08A9-4FDF-A088-9E792408F59D),,,US,,US,,,,,,,,,"Caltrans Utility Schema and Database; ASCE 38, 75"
58749E67-C7C5-4E83-A451-DA556E97F0B6,urn:caltrans:property:flow_type,FlowType | en-EN,Flow Type,unitless,"Gravity, pressurized, or non-pressurized",without,N/A,String,0 0 0 0 0 0 0,,Active,2026-04-15,,,N/A,2026-05-13,,1,N/A,,,,,en-EN,,,(F9635D16-CC71-445E-B34D-B5F9A41AE657),,,US,,US,,,,,,,,,"Caltrans Utility Schema and Database; ASCE 38, 75"
1C6196CE-C93A-4F55-835C-D11C9944E8F6,urn:caltrans:property:flow_units,FlowUnits | en-EN,Flow Units,unitless,None or PSIG,without,N/A,String,0 0 0 0 0 0 0,,Active,2026-04-15,,,N/A,2026-05-13,,1,N/A,,,,,en-EN,,,(F9635D16-CC71-445E-B34D-B5F9A41AE657),,,US,,US,,,,,,,,,"Caltrans Utility Schema and Database; ASCE 38, 75"
C42C9D22-8343-48B9-83AF-27C0598BBFA0,urn:caltrans:property:number_of_conductors,NumberOfConductors | en-EN,Number of Conductors,unitless,Conductors included in the specific utility line,without,N/A,Integer,0 0 0 0 0 0 0,,Active,2026-04-15,,,N/A,2026-05-13,,1,N/A,,,,,en-EN,,,(EFA4A65D-C80C-4E12-81D2-35D8DC258675),,,US,,US,,,,,,,,,"Caltrans Utility Schema and Database; ASCE 38, 75"
B924B8A3-69EB-4337-A32C-AE56F047877E,urn:caltrans:property:voltage_rating,VoltageRating | en-EN,Voltage Rating,volt,Nominal voltage rating of the electric utility line or cable.,Electric potential | en-EN,N/A,Real,1 2 -3 -1 0 0 0,,Active,2026-05-04,,,N/A,2026-05-13,,1,N/A,,,,,en-EN,,,(EFA4A65D-C80C-4E12-81D2-35D8DC258675),,,US,,US,,,,,,,,,"Caltrans Utility Schema and Database; ASCE 38, 75"
24A32ACE-F892-4E26-B9B3-E9A8E804A462,urn:caltrans:property:number_of_fibers,NumberOfFibers | en-EN,Number of Fibers,unitless,"2x1, 2x2, etc. or ""Other""",without,N/A,String,0 0 0 0 0 0 0,,Active,2026-04-15,,,N/A,2026-05-13,,1,N/A,,,,,en-EN,,,(898CA4E0-D657-456F-A3DF-C25E28FD3BB5),,,US,,US,,,,,,,,,"Caltrans Utility Schema and Database; ASCE 38, 75"
68FC7AA9-1428-4681-AD97-E5FC069FBE79,urn:caltrans:property:cable_type,CableType | en-EN,Cable Type,unitless,Copper or other,without,N/A,String,0 0 0 0 0 0 0,,Active,2026-04-15,,,N/A,2026-05-13,,1,N/A,,,,,en-EN,,,(34CD628D-B9C1-4958-B538-9D53EE435863),,,US,,US,,,,,,,,,"Caltrans Utility Schema and Database; ASCE 38, 75"
9C112F6F-C5D4-4E6A-9C35-77B751BE7EE3,urn:caltrans:property:access_type,AccessType | en-EN,Access Type,unitless,"Manholes, Handholes, Valves, Cleanouts, Other",without,N/A,String,0 0 0 0 0 0 0,,Active,2026-04-15,,,N/A,2026-05-13,,1,N/A,,,,,en-EN,,,(8EB00992-D268-42B1-8D64-26E42E5A1BBC),,,US,,US,,,,,,,,,BIM for Infrastructure TPF
AB133783-9D31-4C71-88F2-37E305368CF2,urn:caltrans:property:rim_access_ground_elevation,RimAccessGroundElevation | en-EN,Rim/Access Ground Elevation,foot,Elevation of the ground at the access point,Length | en-EN,N/A,Real,1 0 0 0 0 0 0,,Active,2026-04-15,,,N/A,2026-05-13,,1,N/A,,,,,en-EN,,,(8EB00992-D268-42B1-8D64-26E42E5A1BBC),,,US,,US,,,,,,,,,BIM for Infrastructure TPF
72B0F887-0A47-4DCB-81AD-051B8CD4ADA1,urn:caltrans:property:feature_id,FeatureId | en-EN,Feature ID,unitless,"Specific point, linear, and surface designation",without,N/A,Integer,0 0 0 0 0 0 0,,Active,2026-04-15,,,N/A,2026-05-13,,1,N/A,,,,,en-EN,,,(29A9027F-2755-4509-8898-AD5C246F5D72),,,US,,US,,,,,,,,,
4722E177-05D7-400A-8DCB-3732E503C832,urn:caltrans:property:survey_feature_code,SurveyFeatureCode | en-EN,Survey Feature Code,unitless,Short abbreviation surveyors use in the field to identify and describe physical features and data points encountered,without,N/A,String,0 0 0 0 0 0 0,,Active,2026-04-15,,,N/A,2026-05-13,,1,N/A,,,,,en-EN,,,(29A9027F-2755-4509-8898-AD5C246F5D72),,,US,,US,,,,,,,,,
F94835E0-551E-499C-9FA0-2CAE9F072EBB,urn:caltrans:property:district,District | en-EN,District,unitless,District designation,without,N/A,Integer,0 0 0 0 0 0 0,,Active,2026-04-15,,,N/A,2026-05-13,,1,N/A,,,,,en-EN,,,(8508A6DE-AB9E-45E6-9D42-AC7051149B26),,,US,,US,,,,,,,,,
1BE974BA-7250-4B01-80B4-AAC09744C863,urn:caltrans:property:county,County | en-EN,County,unitless,County designation,without,N/A,String,0 0 0 0 0 0 0,,Active,2026-04-15,,,N/A,2026-05-13,,1,N/A,,,,,en-EN,,,(8508A6DE-AB9E-45E6-9D42-AC7051149B26),,,US,,US,,,,,,,,,
0CEB19D7-7F01-45C9-8568-7DC0880E4A7D,urn:caltrans:property:route_id,RouteId | en-EN,Route ID,unitless,Route designation,without,N/A,String,0 0 0 0 0 0 0,,Active,2026-04-15,,,N/A,2026-05-13,,1,N/A,,,,,en-EN,,,(8508A6DE-AB9E-45E6-9D42-AC7051149B26),,,US,,US,,,,,,,,,
47AB8555-8917-4F4C-8918-BF6671E5D50D,urn:caltrans:property:direction,Direction | en-EN,Direction,unitless,"Primary route travel direction (N, S, E, W)",without,N/A,String,0 0 0 0 0 0 0,,Active,2026-04-15,,,N/A,2026-05-13,,1,N/A,,,,,en-EN,,,(8508A6DE-AB9E-45E6-9D42-AC7051149B26),,,US,,US,,,,,,,,,
6F27FEC2-A0F9-4F5E-9CD4-9282A3662FDD,urn:caltrans:property:highway_type,HighwayType | en-EN,Highway Type,unitless,Designation of roadway,without,N/A,String,0 0 0 0 0 0 0,,Active,2026-04-15,,,N/A,2026-05-13,,1,N/A,,,,,en-EN,,,(8508A6DE-AB9E-45E6-9D42-AC7051149B26),,,US,,US,,,,,,,,,
9A8E9EEC-2B68-4F1B-9C91-114D0D451A80,urn:caltrans:property:relative_position,RelativePosition | en-EN,Relative Position,unitless,Position of the asset relative to the roadway,without,N/A,String,0 0 0 0 0 0 0,,Active,2026-04-15,,,N/A,2026-05-13,,1,N/A,,,,,en-EN,,,(8508A6DE-AB9E-45E6-9D42-AC7051149B26),,,US,,US,,,,,,,,,
C17DE00B-DD0F-4C82-A3A6-68CE9E64DC70,urn:caltrans:property:station,Station | en-EN,Station,foot,Station of point location,Length | en-EN,N/A,Real,1 0 0 0 0 0 0,,Active,2026-04-15,,,N/A,2026-05-13,,1,N/A,,,,,en-EN,,,(3E7F9A2B-4C8D-4E5F-A1B6-9D3C5E7F8A1B),,,US,,US,,,,,,,,,
43D6E988-36FF-43BE-A543-86BDAF43380D,urn:caltrans:property:station_offset,StationOffset | en-EN,Station Offset,foot,Offset of point location,Length | en-EN,N/A,Real,1 0 0 0 0 0 0,,Active,2026-04-15,,,N/A,2026-05-13,,1,N/A,,,,,en-EN,,,(3E7F9A2B-4C8D-4E5F-A1B6-9D3C5E7F8A1B),,,US,,US,,,,,,,,,
EE880293-3102-4BD2-9B2C-210FDC0FD2C3,urn:caltrans:property:reference_point_location,ReferencePointLocation | en-EN,Reference Point Location,unitless,Placement of point for offset (i.e. gutterline for traffic barrier feature),without,N/A,String,0 0 0 0 0 0 0,,Active,2026-04-15,,,N/A,2026-05-13,,1,N/A,,,,,en-EN,,,"(5A8C1D3E-6F9B-4A7C-B2D4-1E4F7A9C2B5D, 3E7F9A2B-4C8D-4E5F-A1B6-9D3C5E7F8A1B)",,,US,,US,,,,,,,,,
4A51AD41-64F9-4AFB-A22C-0B920106A239,urn:caltrans:property:station_begin,StationBegin | en-EN,Station - Begin,foot,Station of linear location - begin,Length | en-EN,N/A,Real,1 0 0 0 0 0 0,,Active,2026-04-15,,,N/A,2026-05-13,,1,N/A,,,,,en-EN,,,(5A8C1D3E-6F9B-4A7C-B2D4-1E4F7A9C2B5D),,,US,,US,,,,,,,,,
D21AA4E4-16C7-4C93-8218-C2E1AAC37444,urn:caltrans:property:station_end,StationEnd | en-EN,Station - End,foot,Station of linear location - end,Length | en-EN,N/A,Real,1 0 0 0 0 0 0,,Active,2026-04-15,,,N/A,2026-05-13,,1,N/A,,,,,en-EN,,,(5A8C1D3E-6F9B-4A7C-B2D4-1E4F7A9C2B5D),,,US,,US,,,,,,,,,
D60716CB-3EDB-4F17-BE9F-E2B205D3479F,urn:caltrans:property:station_offset_begin,StationOffsetBegin | en-EN,Station Offset - Begin,foot,Offset of linear location - begin,Length | en-EN,N/A,Real,1 0 0 0 0 0 0,,Active,2026-04-15,,,N/A,2026-05-13,,1,N/A,,,,,en-EN,,,(5A8C1D3E-6F9B-4A7C-B2D4-1E4F7A9C2B5D),,,US,,US,,,,,,,,,
C0E7F035-F5AA-4BE8-9A18-E66E75D09E44,urn:caltrans:property:station_offset_end,StationOffsetEnd | en-EN,Station Offset - End,foot,Offset of linear location - end,Length | en-EN,N/A,Real,1 0 0 0 0 0 0,,Active,2026-04-15,,,N/A,2026-05-13,,1,N/A,,,,,en-EN,,,(5A8C1D3E-6F9B-4A7C-B2D4-1E4F7A9C2B5D),,,US,,US,,,,,,,,,
B6BD3679-BBAD-46FD-9BCB-8EA85896AF6E,urn:caltrans:property:gps_notes,GpsNotes | en-EN,GPS Notes,unitless,Notes referring to GPS location data,without,N/A,String,0 0 0 0 0 0 0,,Active,2026-04-15,,,N/A,2026-05-13,,1,N/A,,,,,en-EN,,,"(5A8C1D3E-6F9B-4A7C-B2D4-1E4F7A9C2B5D, 3E7F9A2B-4C8D-4E5F-A1B6-9D3C5E7F8A1B, 7B9D2E4F-8A1C-4D3B-9E5F-3A6C8B1D4E7F)",,,US,,US,,,,,,,,,
314D4785-EE02-4D90-BDEF-22016ECD7067,urn:caltrans:property:latitude_begin,LatitudeBegin | en-EN,Latitude - Begin,degree,Longitude of point location - end,Angle | en-EN,N/A,Real,0 0 0 0 0 0 0,,Active,2026-04-15,,,N/A,2026-05-13,,1,N/A,,,,,en-EN,,,(5A8C1D3E-6F9B-4A7C-B2D4-1E4F7A9C2B5D),,,US,,US,,,,,,,,,
DB9C7F04-CB3F-44A7-8290-04709DC2DC4A,urn:caltrans:property:latitude_end,LatitudeEnd | en-EN,Latitude - End,degree,"The ""X"" values of coordinates represented on a plane coordinate system for a boundary area",Angle | en-EN,N/A,Real,0 0 0 0 0 0 0,,Active,2026-04-15,,,N/A,2026-05-13,,1,N/A,,,,,en-EN,,,(5A8C1D3E-6F9B-4A7C-B2D4-1E4F7A9C2B5D),,,US,,US,,,,,,,,,
12D41CBB-C901-443F-8214-66A49E202162,urn:caltrans:property:longitude_begin,LongitudeBegin | en-EN,Longitude - Begin,degree,"The ""Y"" values of coordinates represented on a plane coordinate system for a boundary area",Angle | en-EN,N/A,Real,0 0 0 0 0 0 0,,Active,2026-04-15,,,N/A,2026-05-13,,1,N/A,,,,,en-EN,,,(5A8C1D3E-6F9B-4A7C-B2D4-1E4F7A9C2B5D),,,US,,US,,,,,,,,,
073AFBE0-88EE-4724-ACA4-103443E491F7,urn:caltrans:property:longitude_end,LongitudeEnd | en-EN,Longitude - End,degree,Latitude of linear location - boundary point,Angle | en-EN,N/A,Real,0 0 0 0 0 0 0,,Active,2026-04-15,,,N/A,2026-05-13,,1,N/A,,,,,en-EN,,,(5A8C1D3E-6F9B-4A7C-B2D4-1E4F7A9C2B5D),,,US,,US,,,,,,,,,
FA0A9557-3229-4DEB-BA80-F5FA23BA8729,urn:caltrans:property:latitude,Latitude | en-EN,Latitude,degree,Latitude of point location,Angle | en-EN,N/A,Real,0 0 0 0 0 0 0,,Active,2026-04-15,,,N/A,2026-05-13,,1,N/A,,,,,en-EN,,,(3E7F9A2B-4C8D-4E5F-A1B6-9D3C5E7F8A1B),,,US,,US,,,,,,,,,
E8E1CAA0-73B2-4D28-A073-DD36FB0BCEC3,urn:caltrans:property:longitude,Longitude | en-EN,Longitude,degree,Longitude of point location,Angle | en-EN,N/A,Real,0 0 0 0 0 0 0,,Active,2026-04-15,,,N/A,2026-05-13,,1,N/A,,,,,en-EN,,,(3E7F9A2B-4C8D-4E5F-A1B6-9D3C5E7F8A1B),,,US,,US,,,,,,,,,
5B2708FC-2E29-4848-98D3-BD44DE578E53,urn:caltrans:property:lrs_offset,LrsOffset | en-EN,LRS Offset,foot,Linear Reference System offset of point location,Length | en-EN,N/A,Real,1 0 0 0 0 0 0,,Active,2026-04-15,,,N/A,2026-05-13,,1,N/A,,,,,en-EN,,,(3E7F9A2B-4C8D-4E5F-A1B6-9D3C5E7F8A1B),,,US,,US,,,,,,,,,ARNOLD; Caltrans Linear Referencing System
A3E62C13-8168-40C0-B8F0-9C7B3573EE04,urn:caltrans:property:lrs_offset_begin,LrsOffsetBegin | en-EN,LRS Offset - Begin,foot,Linear Reference System offset of point location - begin,Length | en-EN,N/A,Real,1 0 0 0 0 0 0,,Active,2026-04-15,,,N/A,2026-05-13,,1,N/A,,,,,en-EN,,,(5A8C1D3E-6F9B-4A7C-B2D4-1E4F7A9C2B5D),,,US,,US,,,,,,,,,ARNOLD; Caltrans Linear Referencing System
B90136FB-84C8-4B3A-84A6-1CD2A5F27FDC,urn:caltrans:property:lrs_offset_end,LrsOffsetEnd | en-EN,LRS Offset - End,foot,Linear Reference System offset of point location - end,Length | en-EN,N/A,Real,1 0 0 0 0 0 0,,Active,2026-04-15,,,N/A,2026-05-13,,1,N/A,,,,,en-EN,,,(5A8C1D3E-6F9B-4A7C-B2D4-1E4F7A9C2B5D),,,US,,US,,,,,,,,,ARNOLD; Caltrans Linear Referencing System
DD390889-078C-47C3-9ED2-425DB61732CE,urn:caltrans:property:postmile,Postmile | en-EN,Postmile,foot,Mile post of point location,Length | en-EN,N/A,Real,1 0 0 0 0 0 0,,Active,2026-04-15,,,N/A,2026-05-13,,1,N/A,,,,,en-EN,,,(3E7F9A2B-4C8D-4E5F-A1B6-9D3C5E7F8A1B),,,US,,US,,,,,,,,,ARNOLD; Caltrans Linear Referencing System
450403C6-39C4-4D45-8FA9-F3C5857E86B1,urn:caltrans:property:postmile_begin,PostmileBegin | en-EN,Postmile - Begin,foot,Mile post of point location - begin,Length | en-EN,N/A,Real,1 0 0 0 0 0 0,,Active,2026-04-15,,,N/A,2026-05-13,,1,N/A,,,,,en-EN,,,(5A8C1D3E-6F9B-4A7C-B2D4-1E4F7A9C2B5D),,,US,,US,,,,,,,,,ARNOLD; Caltrans Linear Referencing System
AC900B5E-7773-419E-B1E3-F255EF9B876E,urn:caltrans:property:postmile_end,PostmileEnd | en-EN,Postmile - End,foot,Mile post of point location - end,Length | en-EN,N/A,Real,1 0 0 0 0 0 0,,Active,2026-04-15,,,N/A,2026-05-13,,1,N/A,,,,,en-EN,,,(5A8C1D3E-6F9B-4A7C-B2D4-1E4F7A9C2B5D),,,US,,US,,,,,,,,,ARNOLD; Caltrans Linear Referencing System
38C851EA-D764-4CD9-B809-8DA205263324,urn:caltrans:property:easting,Easting | en-EN,Easting,foot,"The ""X"" values of coordinates represented on a plane coordinate system",Length | en-EN,N/A,Real,1 0 0 0 0 0 0,,Active,2026-04-15,,,N/A,2026-05-13,,1,N/A,,,,,en-EN,,,(3E7F9A2B-4C8D-4E5F-A1B6-9D3C5E7F8A1B),,,US,,US,,,,,,,,,
AD06A91F-122D-43AE-BDF6-F7A56E223DE0,urn:caltrans:property:easting_begin,EastingBegin | en-EN,Easting - Begin,foot,"The ""X"" values of coordinates represented on a plane coordinate system - Begin (Linear)",Length | en-EN,N/A,Real,1 0 0 0 0 0 0,,Active,2026-04-15,,,N/A,2026-05-13,,1,N/A,,,,,en-EN,,,(5A8C1D3E-6F9B-4A7C-B2D4-1E4F7A9C2B5D),,,US,,US,,,,,,,,,
4606B48B-AC8E-4564-8DDA-C345ADCFB371,urn:caltrans:property:easting_end,EastingEnd | en-EN,Easting - End,foot,"The ""X"" values of coordinates represented on a plane coordinate system - End (Linear)",Length | en-EN,N/A,Real,1 0 0 0 0 0 0,,Active,2026-04-15,,,N/A,2026-05-13,,1,N/A,,,,,en-EN,,,(5A8C1D3E-6F9B-4A7C-B2D4-1E4F7A9C2B5D),,,US,,US,,,,,,,,,
26806890-7652-4D82-9E10-10EE2FE98812,urn:caltrans:property:northing,Northing | en-EN,Northing,foot,"The ""Y"" values of coordinates represented on a plane coordinate system",Length | en-EN,N/A,Real,1 0 0 0 0 0 0,,Active,2026-04-15,,,N/A,2026-05-13,,1,N/A,,,,,en-EN,,,(3E7F9A2B-4C8D-4E5F-A1B6-9D3C5E7F8A1B),,,US,,US,,,,,,,,,
6F6F9772-6328-43E2-9924-0B228D82B1A8,urn:caltrans:property:northing_begin,NorthingBegin | en-EN,Northing - Begin,foot,"The ""Y"" values of coordinates represented on a plane coordinate system - Begin (Linear)",Length | en-EN,N/A,Real,1 0 0 0 0 0 0,,Active,2026-04-15,,,N/A,2026-05-13,,1,N/A,,,,,en-EN,,,(5A8C1D3E-6F9B-4A7C-B2D4-1E4F7A9C2B5D),,,US,,US,,,,,,,,,
476682A8-E66F-4EF0-A94A-F6DDDB780DAE,urn:caltrans:property:northing_end,NorthingEnd | en-EN,Northing - End,foot,"The ""Y"" values of coordinates represented on a plane coordinate system - End (Linear)",Length | en-EN,N/A,Real,1 0 0 0 0 0 0,,Active,2026-04-15,,,N/A,2026-05-13,,1,N/A,,,,,en-EN,,,(5A8C1D3E-6F9B-4A7C-B2D4-1E4F7A9C2B5D),,,US,,US,,,,,,,,,
9AAE10F3-38B1-4856-87B2-61D846FE0245,urn:caltrans:property:collection_date,CollectionDate | en-EN,Collection Date,second,Date of the collection of data for the asset,Time | en-EN,N/A,Date,0 0 1 0 0 0 0,,Active,2026-04-15,,,N/A,2026-06-04,,2,N/A,,,,,en-EN,,,(44DCDCE3-A726-4F87-A587-97F7D69B252F),,,US,,US,,,,,,,,,
9BBB26FB-F1F9-4345-AEFE-0C040206CB92,urn:caltrans:property:collection_method,CollectionMethod | en-EN,Collection Method,unitless,The type of process used in obtaining information about current physical characteristics of the object.,without,N/A,String,0 0 0 0 0 0 0,,Active,2026-04-15,,,N/A,2026-06-04,,2,N/A,,,,,en-EN,,,(44DCDCE3-A726-4F87-A587-97F7D69B252F),,,US,,US,,,,,,,,,
229C59E4-F5B3-4D5D-9C34-F20EA394BB67,urn:caltrans:property:system_type,SystemType | en-EN,System Type,unitless,Type of utility system the access point serves Allowed values: Stormwater; Combined; Sanitary; Flood Control,without,N/A,String,0 0 0 0 0 0 0,,Active,2026-04-15,,,N/A,2026-05-13,,1,N/A,,,,,en-EN,,,(FBFAF154-66B1-4C0D-9556-A2C3118136AF),,,US,,US,,,,,,,,,
5BBC7329-9523-434D-B038-6992EDDAFB8A,urn:caltrans:property:item_code,ItemCode | en-EN,Item Code,unitless,Pay item code,without,N/A,Real,0 0 0 0 0 0 0,,Active,2026-04-15,,,N/A,2026-05-13,,1,N/A,,,,,en-EN,,,(7F3DEC76-1347-4D47-9572-86BB071A4F28),,,US,,US,,,,,,,,,Caltrans Standard and Non-Standard Bid Item List
AF9C1BD4-1B27-4CFE-9734-9438184F36CB,urn:caltrans:property:item_description,ItemDescription | en-EN,Item Description,unitless,Pay Item description,without,N/A,String,0 0 0 0 0 0 0,,Active,2026-04-15,,,N/A,2026-05-13,,1,N/A,,,,,en-EN,,,(7F3DEC76-1347-4D47-9572-86BB071A4F28),,,US,,US,,,,,,,,,Caltrans Standard and Non-Standard Bid Item List
D65E2CD8-CF23-4BEC-965C-E3C3CF8522BC,urn:caltrans:property:item_unit,ItemUnit | en-EN,Pay Item Unit of Measure,unitless,"Pay Item unit (LF, CY, LS, etc.)",without,N/A,String,0 0 0 0 0 0 0,LF; CY; LS,Active,2026-04-15,,,N/A,2026-05-13,,1,N/A,,,,,en-EN,,,(7F3DEC76-1347-4D47-9572-86BB071A4F28),,,US,,US,,,,,,,,,Caltrans Standard and Non-Standard Bid Item List
C86EE505-D99F-4578-900F-96AD073C1185,urn:caltrans:property:item_number,ItemNumber | en-EN,Item Number,unitless,Pay Item Number for the Project (Sequential number of bid item specific to the contract),without,N/A,Real,0 0 0 0 0 0 0,,Active,2026-04-15,,,N/A,2026-05-13,,1,N/A,,,,,en-EN,,,(A32042EF-7D84-4441-A769-1A2A6258F32E),,,US,,US,,,,,,,,,
3908D478-F6D8-4215-8FE6-FCCD46B4D73D,urn:caltrans:property:item_notes,ItemNotes | en-EN,Item Notes,unitless,Notes associated with the Pay item,without,N/A,String,0 0 0 0 0 0 0,,Active,2026-04-15,,,N/A,2026-05-13,,1,N/A,,,,,en-EN,,,(A32042EF-7D84-4441-A769-1A2A6258F32E),,,US,,US,,,,,,,,,
08BF545A-AF2E-4967-8746-D2E615518A0C,urn:caltrans:property:geodetic_datum,GeodeticDatum | en-EN,Geodetic Datum,unitless,An abstract reference frame used to precisely measure and map locations on Earth,without,N/A,String,0 0 0 0 0 0 0,,Active,2026-06-04,,,N/A,2026-06-04,,1,N/A,,,,,en-EN,,,(3E7F9A2B-4C8D-4E5F-A1B6-9D3C5E7F8A1B),,,US,,US,,,,,,,,,
DB449643-642C-45A3-BB71-B86DD3F7955D,urn:caltrans:property:asset_construction_date,AssetConstructionDate | en-EN,Asset Construction Date,second,Date on which the underground utility asset was constructed or installed.,Time | en-EN,N/A,Date,0 0 1 0 0 0 0,,Active,2026-06-04,,,N/A,2026-06-04,,1,N/A,,,,,en-EN,,,(44DCDCE3-A726-4F87-A587-97F7D69B252F),,,US,,US,,,,,,,,,
3E09A3D9-15D1-4941-904C-1DFE74801922,urn:caltrans:property:asset_status,AssetStatus | en-EN,Asset Status,unitless,"Current physical or operational condition of the underground utility asset (e.g., Active, Inactive, Decommissioned, Under Repair).",without,N/A,String,0 0 0 0 0 0 0,,Active,2026-06-04,,,N/A,2026-06-04,,1,N/A,,,,,en-EN,,,(44DCDCE3-A726-4F87-A587-97F7D69B252F),,,US,,US,,,,,,,,,
7BE12FBD-88D3-40B6-B401-168C7172C8CA,urn:caltrans:property:alignment_reference,AlignmentReference | en-EN,Alignment Reference,unitless,Alignment ID referenced for location,without,N/A,String,0 0 0 0 0 0 0,,Active,2026-06-09,,,N/A,2026-06-09,,1,N/A,,,,,en-EN,,,(5A8C1D3E-6F9B-4A7C-B2D4-1E4F7A9C2B5D),,,US,,US,,,,,,,,,
